"id";"goods_id";"specifications";"price";"number";"url";"add_time";"update_time";"deleted"
58;1045000;"[""标准""]";28.0;99;"https://i.ibb.co/C1LLsHT/5.jpg";"2018-02-01 00:00:00";"2019-11-28 07:37:55";1
85;1070000;"[""标准""]";26.0;100;"https://i.ibb.co/C1LLsHT/5.jpg";"2018-02-01 00:00:00";"2018-02-01 00:00:00";0
145;1110007;"[""标准""]";299.0;100;"https://i.ibb.co/C1LLsHT/5.jpg";"2018-02-01 00:00:00";"2018-02-01 00:00:00";0
167;1116011;"[""标准""]";36.0;82;"https://i.ibb.co/C1LLsHT/5.jpg";"2018-02-01 00:00:00";"2018-11-09 19:23:10";0
200;1134036;"[""标准""]";38.0;100;"https://i.ibb.co/C1LLsHT/5.jpg";"2018-02-01 00:00:00";"2018-02-01 00:00:00";0
222;1143018;"[""标准""]";68.0;100;"https://i.ibb.co/C1LLsHT/5.jpg";"2018-02-01 00:00:00";"2018-02-01 00:00:00";0
223;1143019;"[""标准""]";98.0;100;"https://i.ibb.co/C1LLsHT/5.jpg";"2018-02-01 00:00:00";"2018-02-01 00:00:00";0
224;1143020;"[""标准""]";168.0;100;"https://i.ibb.co/C1LLsHT/5.jpg";"2018-02-01 00:00:00";"2018-02-01 00:00:00";0
252;1045000;"[""标准""]";0.01;95;"https://i.ibb.co/C1LLsHT/5.jpg";"2019-11-28 07:34:33";"2019-11-28 07:34:58";0
